StartDateTime,Operator
2016-11-11 01:22:40,8697ed3c178553472fcdd09939e91bd61190211e6bb8ee9c56e99d058bc5a205
2016-11-11 06:08:21,22745ee2941e905f609467eaa08defb3abb1d3b647628cc140d528669d330671
2016-11-11 13:54:56,094c68186f33332bfeb662f33d65a41a60720296fba85eb006294319a0d35226
2016-11-11 17:50:30,67d51998776df6c4765ebe103d5e4ab8c62f2ae1c1377da0862caacd6411b825
2016-11-11 21:45:51,db0a3a52e2bb13be387edd4a5c2e64612ec9e2d8fd300140563bb1aaf9c28ca1
2016-11-11 23:05:19,67d51998776df6c4765ebe103d5e4ab8c62f2ae1c1377da0862caacd6411b825
2016-11-12 03:50:02,5317550a53952273b1d7d37694877e514c49abf089871d5945f8674b966bcd80
2016-11-12 06:07:14,22745ee2941e905f609467eaa08defb3abb1d3b647628cc140d528669d330671
2016-11-12 11:51:11,094c68186f33332bfeb662f33d65a41a60720296fba85eb006294319a0d35226
2016-11-12 17:53:01,67d51998776df6c4765ebe103d5e4ab8c62f2ae1c1377da0862caacd6411b825
2016-11-12 21:45:16,db0a3a52e2bb13be387edd4a5c2e64612ec9e2d8fd300140563bb1aaf9c28ca1
2016-11-12 23:13:47,67d51998776df6c4765ebe103d5e4ab8c62f2ae1c1377da0862caacd6411b825
2016-11-13 03:54:09,5317550a53952273b1d7d37694877e514c49abf089871d5945f8674b966bcd80
2016-11-13 05:35:40,22745ee2941e905f609467eaa08defb3abb1d3b647628cc140d528669d330671
2016-11-13 12:09:09,094c68186f33332bfeb662f33d65a41a60720296fba85eb006294319a0d35226
2016-11-13 17:53:46,67d51998776df6c4765ebe103d5e4ab8c62f2ae1c1377da0862caacd6411b825
2016-11-13 22:48:15,8697ed3c178553472fcdd09939e91bd61190211e6bb8ee9c56e99d058bc5a205
2016-11-14 00:20:56,67d51998776df6c4765ebe103d5e4ab8c62f2ae1c1377da0862caacd6411b825
2016-11-14 03:46:35,2e2dc7faf9509605d06a03b565a88653f63d80db0e523e0530e474bba4750c90
2016-11-14 05:51:49,22745ee2941e905f609467eaa08defb3abb1d3b647628cc140d528669d330671
2016-11-14 11:13:35,094c68186f33332bfeb662f33d65a41a60720296fba85eb006294319a0d35226
2016-11-14 17:54:56,67d51998776df6c4765ebe103d5e4ab8c62f2ae1c1377da0862caacd6411b825
2016-11-14 21:51:23,8697ed3c178553472fcdd09939e91bd61190211e6bb8ee9c56e99d058bc5a205
2016-11-14 23:00:00,67d51998776df6c4765ebe103d5e4ab8c62f2ae1c1377da0862caacd6411b825
2016-11-15 06:06:36,22745ee2941e905f609467eaa08defb3abb1d3b647628cc140d528669d330671
2016-11-15 12:01:03,094c68186f33332bfeb662f33d65a41a60720296fba85eb006294319a0d35226
2016-11-15 17:03:00,67d51998776df6c4765ebe103d5e4ab8c62f2ae1c1377da0862caacd6411b825
2016-11-15 21:58:44,8697ed3c178553472fcdd09939e91bd61190211e6bb8ee9c56e99d058bc5a205
2016-11-15 23:12:19,67d51998776df6c4765ebe103d5e4ab8c62f2ae1c1377da0862caacd6411b825
2016-11-16 03:48:16,5317550a53952273b1d7d37694877e514c49abf089871d5945f8674b966bcd80
2016-11-16 05:53:55,22745ee2941e905f609467eaa08defb3abb1d3b647628cc140d528669d330671
2016-11-16 17:59:04,67d51998776df6c4765ebe103d5e4ab8c62f2ae1c1377da0862caacd6411b825
2016-11-16 22:54:02,8697ed3c178553472fcdd09939e91bd61190211e6bb8ee9c56e99d058bc5a205
2016-11-17 00:22:28,67d51998776df6c4765ebe103d5e4ab8c62f2ae1c1377da0862caacd6411b825
2016-11-17 04:19:10,5317550a53952273b1d7d37694877e514c49abf089871d5945f8674b966bcd80
2016-11-17 04:24:41,67d51998776df6c4765ebe103d5e4ab8c62f2ae1c1377da0862caacd6411b825
2016-11-17 05:24:39,5317550a53952273b1d7d37694877e514c49abf089871d5945f8674b966bcd80
2016-11-17 06:25:41,cb9059871b5b9e83ff7fbe2fdaa9e2f8f11bfd6d3d0fdcac21cbfa0d096bd800
2016-11-17 12:48:35,362c3038e0111d54d32b3125a277cfd2ed4eafdf4da8f36da8ec0ba712c2a006
2016-11-17 18:11:24,6a9e51f405e6c6888973e1a115fc339c93116a53088001b5bb190900d3386ce6
2016-11-18 00:55:14,0449a61fe24f483afb264263de56df06b11b991268b2b15a69446d49f252df67
2016-11-18 06:02:55,cb9059871b5b9e83ff7fbe2fdaa9e2f8f11bfd6d3d0fdcac21cbfa0d096bd800
2016-11-18 14:57:17,2020416fda83bc1ecf8f357d95954159bb4deccfaf36904ab8eda07c82b323b5
2016-11-18 17:49:39,6a9e51f405e6c6888973e1a115fc339c93116a53088001b5bb190900d3386ce6
2016-11-19 01:43:46,0449a61fe24f483afb264263de56df06b11b991268b2b15a69446d49f252df67
2016-11-19 05:50:54,cb9059871b5b9e83ff7fbe2fdaa9e2f8f11bfd6d3d0fdcac21cbfa0d096bd800
2016-11-19 12:04:59,d4cac3919537b522024f9b4c9d1e7f2fe0638ba4c877cfcfe5ca41183e9f544c
2016-11-19 17:51:38,6a9e51f405e6c6888973e1a115fc339c93116a53088001b5bb190900d3386ce6
2016-11-20 00:57:37,0449a61fe24f483afb264263de56df06b11b991268b2b15a69446d49f252df67
2016-11-20 06:00:48,cb9059871b5b9e83ff7fbe2fdaa9e2f8f11bfd6d3d0fdcac21cbfa0d096bd800
2016-11-20 11:58:48,d4cac3919537b522024f9b4c9d1e7f2fe0638ba4c877cfcfe5ca41183e9f544c
2016-11-20 17:50:22,6a9e51f405e6c6888973e1a115fc339c93116a53088001b5bb190900d3386ce6
2016-11-21 00:13:46,0449a61fe24f483afb264263de56df06b11b991268b2b15a69446d49f252df67
2016-11-21 06:00:16,cb9059871b5b9e83ff7fbe2fdaa9e2f8f11bfd6d3d0fdcac21cbfa0d096bd800
2016-11-21 12:09:11,f8c526198752115583ef2839ad2305815aa665b03620353f8a6687a816c0fe1b
2016-11-21 17:50:51,6a9e51f405e6c6888973e1a115fc339c93116a53088001b5bb190900d3386ce6
2016-11-22 01:02:22,0449a61fe24f483afb264263de56df06b11b991268b2b15a69446d49f252df67
2016-11-22 05:56:52,cb9059871b5b9e83ff7fbe2fdaa9e2f8f11bfd6d3d0fdcac21cbfa0d096bd800
2016-11-22 11:03:59,362c3038e0111d54d32b3125a277cfd2ed4eafdf4da8f36da8ec0ba712c2a006
2016-11-22 18:00:51,82eb5679dc8d1f72345417059cb8eb2f6a8e52c8a13a42daaffe581c8d80eebb
2016-11-24 02:51:29,9c0ba59a97129148158c7015dac3c5cc72366f0ebd92f067f0b56548884db3bc
2016-11-24 05:51:43,0449a61fe24f483afb264263de56df06b11b991268b2b15a69446d49f252df67
2016-11-24 06:04:03,5317550a53952273b1d7d37694877e514c49abf089871d5945f8674b966bcd80
2016-11-24 12:23:02,45c3abfd5708d43e18fd79d83e79a4c3910cd3cf227ade8ec9054382745171ac
2016-11-24 13:21:38,5317550a53952273b1d7d37694877e514c49abf089871d5945f8674b966bcd80
2016-11-26 02:41:52,094c68186f33332bfeb662f33d65a41a60720296fba85eb006294319a0d35226
2016-11-26 03:36:51,2a2f567ac01efe07e47fec153af7c3f092beaad052a30844ae82f8bb5782db36
2016-11-26 05:49:31,5317550a53952273b1d7d37694877e514c49abf089871d5945f8674b966bcd80
2016-11-26 11:08:30,45c3abfd5708d43e18fd79d83e79a4c3910cd3cf227ade8ec9054382745171ac
2016-11-26 12:09:25,5317550a53952273b1d7d37694877e514c49abf089871d5945f8674b966bcd80
2016-11-26 15:54:39,67d51998776df6c4765ebe103d5e4ab8c62f2ae1c1377da0862caacd6411b825
2016-11-26 17:49:21,094c68186f33332bfeb662f33d65a41a60720296fba85eb006294319a0d35226
2016-11-27 00:38:28,4fe36ba9cfcf14292593e0000d575f376bc7c37eb803c44a1669617ac6f5ee5f
2016-11-27 14:42:15,07cc00332c231720baa4876e156fb50b6e290d5b8b20d722a625eeaa8913da75
2016-11-27 17:30:10,094c68186f33332bfeb662f33d65a41a60720296fba85eb006294319a0d35226
2016-11-28 00:10:14,22745ee2941e905f609467eaa08defb3abb1d3b647628cc140d528669d330671
2016-11-28 05:51:13,5317550a53952273b1d7d37694877e514c49abf089871d5945f8674b966bcd80
2016-11-28 15:50:36,67d51998776df6c4765ebe103d5e4ab8c62f2ae1c1377da0862caacd6411b825
2016-11-28 17:48:00,094c68186f33332bfeb662f33d65a41a60720296fba85eb006294319a0d35226
2016-11-29 00:19:52,22745ee2941e905f609467eaa08defb3abb1d3b647628cc140d528669d330671
2016-11-29 05:47:41,5317550a53952273b1d7d37694877e514c49abf089871d5945f8674b966bcd80
2016-11-29 12:16:46,45c3abfd5708d43e18fd79d83e79a4c3910cd3cf227ade8ec9054382745171ac
2016-11-29 13:11:37,5317550a53952273b1d7d37694877e514c49abf089871d5945f8674b966bcd80
2016-11-29 15:33:43,67d51998776df6c4765ebe103d5e4ab8c62f2ae1c1377da0862caacd6411b825
2016-11-29 17:50:00,094c68186f33332bfeb662f33d65a41a60720296fba85eb006294319a0d35226
2016-11-30 00:24:16,22745ee2941e905f609467eaa08defb3abb1d3b647628cc140d528669d330671
2016-11-30 05:49:44,5317550a53952273b1d7d37694877e514c49abf089871d5945f8674b966bcd80
2016-11-30 11:39:51,8697ed3c178553472fcdd09939e91bd61190211e6bb8ee9c56e99d058bc5a205
2016-11-30 12:36:14,5317550a53952273b1d7d37694877e514c49abf089871d5945f8674b966bcd80
2016-11-30 15:11:48,67d51998776df6c4765ebe103d5e4ab8c62f2ae1c1377da0862caacd6411b825
2016-11-30 17:56:18,094c68186f33332bfeb662f33d65a41a60720296fba85eb006294319a0d35226
2016-12-01 00:13:21,22745ee2941e905f609467eaa08defb3abb1d3b647628cc140d528669d330671
2016-12-01 06:11:27,0449a61fe24f483afb264263de56df06b11b991268b2b15a69446d49f252df67
2016-12-01 13:03:50,171e019c157590de25aa239720670b94de9f6751412d8de7d3e4715f8b5dd293
2016-12-01 18:05:42,362c3038e0111d54d32b3125a277cfd2ed4eafdf4da8f36da8ec0ba712c2a006
2016-12-01 22:33:41,cb9059871b5b9e83ff7fbe2fdaa9e2f8f11bfd6d3d0fdcac21cbfa0d096bd800
2016-12-02 05:54:13,0449a61fe24f483afb264263de56df06b11b991268b2b15a69446d49f252df67
2016-12-02 14:49:02,171e019c157590de25aa239720670b94de9f6751412d8de7d3e4715f8b5dd293
2016-12-02 17:56:52,ab43b2d0cdd8ac2b1a2020eab133c4a658a7404c41c2965e764f875b7eea8e58
2016-12-02 17:57:52,171e019c157590de25aa239720670b94de9f6751412d8de7d3e4715f8b5dd293
2016-12-02 18:15:23,ab43b2d0cdd8ac2b1a2020eab133c4a658a7404c41c2965e764f875b7eea8e58
2016-12-02 23:55:18,cb9059871b5b9e83ff7fbe2fdaa9e2f8f11bfd6d3d0fdcac21cbfa0d096bd800
2016-12-03 05:56:22,0449a61fe24f483afb264263de56df06b11b991268b2b15a69446d49f252df67
2016-12-03 12:59:54,171e019c157590de25aa239720670b94de9f6751412d8de7d3e4715f8b5dd293
2016-12-03 18:01:43,ab43b2d0cdd8ac2b1a2020eab133c4a658a7404c41c2965e764f875b7eea8e58
2016-12-04 00:07:10,161220860cb7cb085c41b1fc7f3df44d4ae082b212016e3fb1b6aea9914a35ce
2016-12-04 02:16:08,f8ba486de2278b29a1baaa9185ef60339de10039e45a2dc0851e47f4bd71452b
2016-12-04 03:53:56,7d843367e1a8cb27be53984ec759cb3444a352ac1a216adf7bb53273525a3a63
2016-12-04 05:52:55,0449a61fe24f483afb264263de56df06b11b991268b2b15a69446d49f252df67
2016-12-04 13:04:11,171e019c157590de25aa239720670b94de9f6751412d8de7d3e4715f8b5dd293
2016-12-04 17:46:48,ab43b2d0cdd8ac2b1a2020eab133c4a658a7404c41c2965e764f875b7eea8e58
2016-12-04 23:57:59,cb9059871b5b9e83ff7fbe2fdaa9e2f8f11bfd6d3d0fdcac21cbfa0d096bd800
2016-12-05 06:02:07,0449a61fe24f483afb264263de56df06b11b991268b2b15a69446d49f252df67
2016-12-05 13:53:14,171e019c157590de25aa239720670b94de9f6751412d8de7d3e4715f8b5dd293
2016-12-05 18:05:44,362c3038e0111d54d32b3125a277cfd2ed4eafdf4da8f36da8ec0ba712c2a006
2016-12-06 00:06:43,cb9059871b5b9e83ff7fbe2fdaa9e2f8f11bfd6d3d0fdcac21cbfa0d096bd800
2016-12-06 08:03:19,0449a61fe24f483afb264263de56df06b11b991268b2b15a69446d49f252df67
2016-12-06 12:58:16,171e019c157590de25aa239720670b94de9f6751412d8de7d3e4715f8b5dd293
2016-12-06 18:10:46,362c3038e0111d54d32b3125a277cfd2ed4eafdf4da8f36da8ec0ba712c2a006
2016-12-07 12:01:35,0449a61fe24f483afb264263de56df06b11b991268b2b15a69446d49f252df67
2016-12-07 14:35:57,171e019c157590de25aa239720670b94de9f6751412d8de7d3e4715f8b5dd293
2016-12-07 18:07:08,362c3038e0111d54d32b3125a277cfd2ed4eafdf4da8f36da8ec0ba712c2a006
2016-12-07 23:00:00,8e0f023b8f94264c7900395406d6e4b41b97ff3a9662ee82900012af3b51932a
2016-12-07 23:01:48,362c3038e0111d54d32b3125a277cfd2ed4eafdf4da8f36da8ec0ba712c2a006
2016-12-08 00:05:40,cb9059871b5b9e83ff7fbe2fdaa9e2f8f11bfd6d3d0fdcac21cbfa0d096bd800
2016-12-08 00:21:58,362c3038e0111d54d32b3125a277cfd2ed4eafdf4da8f36da8ec0ba712c2a006
2016-12-08 01:06:51,cb9059871b5b9e83ff7fbe2fdaa9e2f8f11bfd6d3d0fdcac21cbfa0d096bd800
2016-12-08 06:07:18,22745ee2941e905f609467eaa08defb3abb1d3b647628cc140d528669d330671
2016-12-08 12:10:36,094c68186f33332bfeb662f33d65a41a60720296fba85eb006294319a0d35226
2016-12-08 18:23:21,67d51998776df6c4765ebe103d5e4ab8c62f2ae1c1377da0862caacd6411b825
2016-12-08 22:07:04,07cc00332c231720baa4876e156fb50b6e290d5b8b20d722a625eeaa8913da75
2016-12-08 23:10:37,67d51998776df6c4765ebe103d5e4ab8c62f2ae1c1377da0862caacd6411b825
2016-12-09 01:00:01,8e0f023b8f94264c7900395406d6e4b41b97ff3a9662ee82900012af3b51932a
2016-12-09 01:33:04,67d51998776df6c4765ebe103d5e4ab8c62f2ae1c1377da0862caacd6411b825
2016-12-09 12:08:24,094c68186f33332bfeb662f33d65a41a60720296fba85eb006294319a0d35226
2016-12-09 17:42:35,67d51998776df6c4765ebe103d5e4ab8c62f2ae1c1377da0862caacd6411b825
2016-12-09 21:55:00,07cc00332c231720baa4876e156fb50b6e290d5b8b20d722a625eeaa8913da75
2016-12-09 23:03:46,67d51998776df6c4765ebe103d5e4ab8c62f2ae1c1377da0862caacd6411b825
2016-12-10 03:36:03,43338d73d19ecfb6cd35082f94a38e31a8933afb212e87e98c5e28707d0268c2
2016-12-10 05:44:44,22745ee2941e905f609467eaa08defb3abb1d3b647628cc140d528669d330671
2016-12-10 12:45:27,094c68186f33332bfeb662f33d65a41a60720296fba85eb006294319a0d35226
2016-12-10 17:56:52,67d51998776df6c4765ebe103d5e4ab8c62f2ae1c1377da0862caacd6411b825
2016-12-10 22:09:34,07cc00332c231720baa4876e156fb50b6e290d5b8b20d722a625eeaa8913da75
2016-12-10 23:12:54,67d51998776df6c4765ebe103d5e4ab8c62f2ae1c1377da0862caacd6411b825
2016-12-11 03:53:48,8c31715bb4afd32402a5fca806e9256a47f90bd9361e73fe3ae6511d6789e93f
2016-12-11 05:54:05,22745ee2941e905f609467eaa08defb3abb1d3b647628cc140d528669d330671
2016-12-11 11:44:32,094c68186f33332bfeb662f33d65a41a60720296fba85eb006294319a0d35226
2016-12-11 18:07:18,67d51998776df6c4765ebe103d5e4ab8c62f2ae1c1377da0862caacd6411b825
2016-12-12 02:34:57,6bcd703adebdf8eb6023b7bf7d5abfd0907ac30c9324599bf4ef9a7a529ced75
2016-12-12 05:52:40,22745ee2941e905f609467eaa08defb3abb1d3b647628cc140d528669d330671
2016-12-12 11:46:14,094c68186f33332bfeb662f33d65a41a60720296fba85eb006294319a0d35226
2016-12-12 18:08:18,67d51998776df6c4765ebe103d5e4ab8c62f2ae1c1377da0862caacd6411b825
2016-12-12 21:56:51,f2b3c609f8142722d67bcb67571c2cd04834fa580d8e88d1427757edd28e51b6
2016-12-12 23:05:12,67d51998776df6c4765ebe103d5e4ab8c62f2ae1c1377da0862caacd6411b825
2016-12-13 03:51:06,6bcd703adebdf8eb6023b7bf7d5abfd0907ac30c9324599bf4ef9a7a529ced75
2016-12-13 05:55:24,22745ee2941e905f609467eaa08defb3abb1d3b647628cc140d528669d330671
2016-12-13 12:11:16,094c68186f33332bfeb662f33d65a41a60720296fba85eb006294319a0d35226
2016-12-13 18:04:42,67d51998776df6c4765ebe103d5e4ab8c62f2ae1c1377da0862caacd6411b825
2016-12-13 22:03:56,f2b3c609f8142722d67bcb67571c2cd04834fa580d8e88d1427757edd28e51b6
2016-12-13 22:04:55,67d51998776df6c4765ebe103d5e4ab8c62f2ae1c1377da0862caacd6411b825
2016-12-13 22:11:21,f2b3c609f8142722d67bcb67571c2cd04834fa580d8e88d1427757edd28e51b6
2016-12-13 23:05:12,67d51998776df6c4765ebe103d5e4ab8c62f2ae1c1377da0862caacd6411b825
2016-12-14 03:58:06,f2b3c609f8142722d67bcb67571c2cd04834fa580d8e88d1427757edd28e51b6
2016-12-14 05:46:13,22745ee2941e905f609467eaa08defb3abb1d3b647628cc140d528669d330671
2016-12-14 12:25:34,094c68186f33332bfeb662f33d65a41a60720296fba85eb006294319a0d35226
2016-12-14 18:04:46,67d51998776df6c4765ebe103d5e4ab8c62f2ae1c1377da0862caacd6411b825
2016-12-14 21:50:32,f2b3c609f8142722d67bcb67571c2cd04834fa580d8e88d1427757edd28e51b6
2016-12-14 22:55:14,67d51998776df6c4765ebe103d5e4ab8c62f2ae1c1377da0862caacd6411b825
2016-12-15 03:31:45,f2b3c609f8142722d67bcb67571c2cd04834fa580d8e88d1427757edd28e51b6
2016-12-15 06:16:09,cb9059871b5b9e83ff7fbe2fdaa9e2f8f11bfd6d3d0fdcac21cbfa0d096bd800
2016-12-15 18:04:08,171e019c157590de25aa239720670b94de9f6751412d8de7d3e4715f8b5dd293
2016-12-16 01:06:34,6a9e51f405e6c6888973e1a115fc339c93116a53088001b5bb190900d3386ce6
2016-12-16 06:15:12,cb9059871b5b9e83ff7fbe2fdaa9e2f8f11bfd6d3d0fdcac21cbfa0d096bd800
2016-12-16 12:22:28,f8c526198752115583ef2839ad2305815aa665b03620353f8a6687a816c0fe1b
2016-12-16 18:00:08,171e019c157590de25aa239720670b94de9f6751412d8de7d3e4715f8b5dd293
2016-12-17 01:06:23,6a9e51f405e6c6888973e1a115fc339c93116a53088001b5bb190900d3386ce6
2016-12-17 06:00:41,cb9059871b5b9e83ff7fbe2fdaa9e2f8f11bfd6d3d0fdcac21cbfa0d096bd800
2016-12-17 12:04:43,f8c526198752115583ef2839ad2305815aa665b03620353f8a6687a816c0fe1b
2016-12-17 17:55:58,171e019c157590de25aa239720670b94de9f6751412d8de7d3e4715f8b5dd293
2016-12-18 01:07:41,6a9e51f405e6c6888973e1a115fc339c93116a53088001b5bb190900d3386ce6
2016-12-18 06:08:00,cb9059871b5b9e83ff7fbe2fdaa9e2f8f11bfd6d3d0fdcac21cbfa0d096bd800
2016-12-18 12:08:09,f8c526198752115583ef2839ad2305815aa665b03620353f8a6687a816c0fe1b
2016-12-18 17:56:50,da7f21c5a078f82b15abc62f4f0bbb024e6fb4e3dc305b27d8cfa86069c5da35
2016-12-20 03:45:40,f26411941adcd369bd4b37c3e51bd6bd8970ef0fc84d536a91d1d8dba0bbd8e1
2016-12-20 06:07:13,cb9059871b5b9e83ff7fbe2fdaa9e2f8f11bfd6d3d0fdcac21cbfa0d096bd800
2016-12-20 11:59:39,f8c526198752115583ef2839ad2305815aa665b03620353f8a6687a816c0fe1b
2016-12-20 14:13:27,171e019c157590de25aa239720670b94de9f6751412d8de7d3e4715f8b5dd293
2016-12-21 01:16:25,6a9e51f405e6c6888973e1a115fc339c93116a53088001b5bb190900d3386ce6
2016-12-21 06:01:24,cb9059871b5b9e83ff7fbe2fdaa9e2f8f11bfd6d3d0fdcac21cbfa0d096bd800
2016-12-21 12:07:22,f8c526198752115583ef2839ad2305815aa665b03620353f8a6687a816c0fe1b
2016-12-21 17:54:46,171e019c157590de25aa239720670b94de9f6751412d8de7d3e4715f8b5dd293
2016-12-21 17:55:45,f8c526198752115583ef2839ad2305815aa665b03620353f8a6687a816c0fe1b
2016-12-21 18:01:32,171e019c157590de25aa239720670b94de9f6751412d8de7d3e4715f8b5dd293
2016-12-22 00:50:44,e5531fc12678042d40608927f54c9257820aefb2ad2963cd80f4855045e35bde
2016-12-22 05:31:52,5317550a53952273b1d7d37694877e514c49abf089871d5945f8674b966bcd80
2016-12-22 12:20:30,86154273d97841e663d96735fd6a623f7d5e49dde440a2a0efe10e1a2bf5008d
2016-12-22 13:23:11,5317550a53952273b1d7d37694877e514c49abf089871d5945f8674b966bcd80
2016-12-22 15:58:14,67d51998776df6c4765ebe103d5e4ab8c62f2ae1c1377da0862caacd6411b825
2016-12-22 18:18:33,3e8b9e3a63ee3ba916086a2dfcc00a3c3c9762517e0102c951c3fc8ec6c22e8e
2016-12-23 00:20:03,22745ee2941e905f609467eaa08defb3abb1d3b647628cc140d528669d330671
2016-12-23 06:12:55,5317550a53952273b1d7d37694877e514c49abf089871d5945f8674b966bcd80
2016-12-23 10:27:08,8697ed3c178553472fcdd09939e91bd61190211e6bb8ee9c56e99d058bc5a205
2016-12-23 10:29:12,5317550a53952273b1d7d37694877e514c49abf089871d5945f8674b966bcd80
2016-12-23 10:31:40,8697ed3c178553472fcdd09939e91bd61190211e6bb8ee9c56e99d058bc5a205
2016-12-23 10:41:29,5317550a53952273b1d7d37694877e514c49abf089871d5945f8674b966bcd80
2016-12-23 10:46:25,67d51998776df6c4765ebe103d5e4ab8c62f2ae1c1377da0862caacd6411b825
2016-12-23 12:25:20,5317550a53952273b1d7d37694877e514c49abf089871d5945f8674b966bcd80
2016-12-23 15:44:42,67d51998776df6c4765ebe103d5e4ab8c62f2ae1c1377da0862caacd6411b825
2016-12-23 18:07:37,3e8b9e3a63ee3ba916086a2dfcc00a3c3c9762517e0102c951c3fc8ec6c22e8e
2016-12-24 00:16:41,22745ee2941e905f609467eaa08defb3abb1d3b647628cc140d528669d330671
2016-12-24 06:08:10,5317550a53952273b1d7d37694877e514c49abf089871d5945f8674b966bcd80
2016-12-24 12:24:43,86154273d97841e663d96735fd6a623f7d5e49dde440a2a0efe10e1a2bf5008d
2016-12-24 13:32:14,5317550a53952273b1d7d37694877e514c49abf089871d5945f8674b966bcd80
2016-12-24 15:48:32,67d51998776df6c4765ebe103d5e4ab8c62f2ae1c1377da0862caacd6411b825
2016-12-24 18:07:10,4fe36ba9cfcf14292593e0000d575f376bc7c37eb803c44a1669617ac6f5ee5f
2016-12-25 00:10:43,22745ee2941e905f609467eaa08defb3abb1d3b647628cc140d528669d330671
2016-12-25 06:01:22,5317550a53952273b1d7d37694877e514c49abf089871d5945f8674b966bcd80
2016-12-25 10:35:48,67d51998776df6c4765ebe103d5e4ab8c62f2ae1c1377da0862caacd6411b825
2016-12-25 11:33:41,5317550a53952273b1d7d37694877e514c49abf089871d5945f8674b966bcd80
2016-12-25 12:49:30,67d51998776df6c4765ebe103d5e4ab8c62f2ae1c1377da0862caacd6411b825
2016-12-25 12:50:31,5317550a53952273b1d7d37694877e514c49abf089871d5945f8674b966bcd80
2016-12-25 12:56:53,67d51998776df6c4765ebe103d5e4ab8c62f2ae1c1377da0862caacd6411b825
2016-12-25 17:53:15,4fe36ba9cfcf14292593e0000d575f376bc7c37eb803c44a1669617ac6f5ee5f
2016-12-26 01:30:16,22745ee2941e905f609467eaa08defb3abb1d3b647628cc140d528669d330671
2016-12-26 06:01:27,5317550a53952273b1d7d37694877e514c49abf089871d5945f8674b966bcd80
2016-12-26 12:03:28,357b369866b81b2fd94a3011edefe19f0d9ab5eee7104b0d058eee38d08c52ca
2016-12-26 13:30:36,5317550a53952273b1d7d37694877e514c49abf089871d5945f8674b966bcd80
2016-12-26 15:07:22,67d51998776df6c4765ebe103d5e4ab8c62f2ae1c1377da0862caacd6411b825
2016-12-26 15:08:21,5317550a53952273b1d7d37694877e514c49abf089871d5945f8674b966bcd80
2016-12-26 15:20:54,67d51998776df6c4765ebe103d5e4ab8c62f2ae1c1377da0862caacd6411b825
2016-12-26 18:07:54,4fe36ba9cfcf14292593e0000d575f376bc7c37eb803c44a1669617ac6f5ee5f
2016-12-27 00:14:31,22745ee2941e905f609467eaa08defb3abb1d3b647628cc140d528669d330671
2016-12-27 05:57:27,5317550a53952273b1d7d37694877e514c49abf089871d5945f8674b966bcd80
2016-12-27 15:51:44,67d51998776df6c4765ebe103d5e4ab8c62f2ae1c1377da0862caacd6411b825
2016-12-27 18:09:06,4fe36ba9cfcf14292593e0000d575f376bc7c37eb803c44a1669617ac6f5ee5f
2016-12-27 23:43:15,22745ee2941e905f609467eaa08defb3abb1d3b647628cc140d528669d330671
2016-12-28 06:06:47,5317550a53952273b1d7d37694877e514c49abf089871d5945f8674b966bcd80
2016-12-28 15:50:02,67d51998776df6c4765ebe103d5e4ab8c62f2ae1c1377da0862caacd6411b825
2016-12-28 18:08:50,4fe36ba9cfcf14292593e0000d575f376bc7c37eb803c44a1669617ac6f5ee5f
2016-12-29 00:07:14,22745ee2941e905f609467eaa08defb3abb1d3b647628cc140d528669d330671
2016-12-29 06:02:34,6a9e51f405e6c6888973e1a115fc339c93116a53088001b5bb190900d3386ce6
2016-12-30 00:13:32,cb9059871b5b9e83ff7fbe2fdaa9e2f8f11bfd6d3d0fdcac21cbfa0d096bd800
2016-12-30 06:10:57,6a9e51f405e6c6888973e1a115fc339c93116a53088001b5bb190900d3386ce6
2016-12-30 15:41:57,e914c49bd3577e160ed315f5d0e998f25eb631b1e283e20996d70e75695dabb4
2016-12-30 18:03:28,f8c526198752115583ef2839ad2305815aa665b03620353f8a6687a816c0fe1b
2016-12-31 01:47:14,cb9059871b5b9e83ff7fbe2fdaa9e2f8f11bfd6d3d0fdcac21cbfa0d096bd800
2016-12-31 06:08:15,6a9e51f405e6c6888973e1a115fc339c93116a53088001b5bb190900d3386ce6
2016-12-31 12:59:18,8e4d252e5c4b1ad2abaf33a6930f0d3da2921e62f86123f4e9bba1e8dbbc11cf
2016-12-31 18:05:56,f8c526198752115583ef2839ad2305815aa665b03620353f8a6687a816c0fe1b
2017-01-01 07:50:00,171e019c157590de25aa239720670b94de9f6751412d8de7d3e4715f8b5dd293
2017-01-01 13:18:54,8e4d252e5c4b1ad2abaf33a6930f0d3da2921e62f86123f4e9bba1e8dbbc11cf
2017-01-01 17:48:43,f8c526198752115583ef2839ad2305815aa665b03620353f8a6687a816c0fe1b
2017-01-02 00:04:16,cb9059871b5b9e83ff7fbe2fdaa9e2f8f11bfd6d3d0fdcac21cbfa0d096bd800
2017-01-02 06:02:45,171e019c157590de25aa239720670b94de9f6751412d8de7d3e4715f8b5dd293
2017-01-02 16:44:35,1120a880faab125dfd7bf14fab7e51c02c8eec88daebbcdcd8c82db020ccebc4
2017-01-02 18:00:59,f8c526198752115583ef2839ad2305815aa665b03620353f8a6687a816c0fe1b
2017-01-03 00:00:33,cb9059871b5b9e83ff7fbe2fdaa9e2f8f11bfd6d3d0fdcac21cbfa0d096bd800
2017-01-04 09:42:28,f6db3eff746484ceaf75b6bbb70ee8aa0663501294a3c74a0a5de5924f278c40
2017-01-04 12:59:42,82eb5679dc8d1f72345417059cb8eb2f6a8e52c8a13a42daaffe581c8d80eebb
2017-01-04 17:59:57,f8c526198752115583ef2839ad2305815aa665b03620353f8a6687a816c0fe1b
2017-01-05 00:11:45,ab43b2d0cdd8ac2b1a2020eab133c4a658a7404c41c2965e764f875b7eea8e58
2017-01-05 01:32:12,f8c526198752115583ef2839ad2305815aa665b03620353f8a6687a816c0fe1b
2017-01-05 03:33:22,bcbe0fd736f5750274d7970a42458542747f0cdc48e0a41cd751fbe88183ab40
2017-01-05 06:23:22,22745ee2941e905f609467eaa08defb3abb1d3b647628cc140d528669d330671
2017-01-05 16:02:53,094c68186f33332bfeb662f33d65a41a60720296fba85eb006294319a0d35226
2017-01-05 18:21:15,67d51998776df6c4765ebe103d5e4ab8c62f2ae1c1377da0862caacd6411b825
2017-01-05 22:46:54,07cc00332c231720baa4876e156fb50b6e290d5b8b20d722a625eeaa8913da75
2017-01-06 00:01:35,67d51998776df6c4765ebe103d5e4ab8c62f2ae1c1377da0862caacd6411b825
2017-01-06 03:47:47,5317550a53952273b1d7d37694877e514c49abf089871d5945f8674b966bcd80
2017-01-06 06:10:32,22745ee2941e905f609467eaa08defb3abb1d3b647628cc140d528669d330671
2017-01-06 16:09:15,939460e177e09ab19919599a4d77f245063d6fe06382ee15a57a69f39786e273
2017-01-06 18:07:37,67d51998776df6c4765ebe103d5e4ab8c62f2ae1c1377da0862caacd6411b825
2017-01-06 23:01:23,22b3629edb6a6aff26f35dd8714c2d81c8bb2595a3d9d9dab19d1d6d9b119c07
2017-01-07 00:12:52,67d51998776df6c4765ebe103d5e4ab8c62f2ae1c1377da0862caacd6411b825
2017-01-07 03:40:08,5317550a53952273b1d7d37694877e514c49abf089871d5945f8674b966bcd80
2017-01-07 05:52:32,22745ee2941e905f609467eaa08defb3abb1d3b647628cc140d528669d330671
2017-01-07 17:58:59,67d51998776df6c4765ebe103d5e4ab8c62f2ae1c1377da0862caacd6411b825
2017-01-07 22:54:10,07cc00332c231720baa4876e156fb50b6e290d5b8b20d722a625eeaa8913da75
2017-01-08 00:02:29,67d51998776df6c4765ebe103d5e4ab8c62f2ae1c1377da0862caacd6411b825
2017-01-08 03:56:35,5317550a53952273b1d7d37694877e514c49abf089871d5945f8674b966bcd80
2017-01-08 04:54:00,171e019c157590de25aa239720670b94de9f6751412d8de7d3e4715f8b5dd293
2017-01-16 01:01:14,3539e651865e9cdd371f4a7432b36606b6720fe09443c0eb579de8f368db0aed
2017-01-16 06:08:52,4053ecf3720eb798045e090d247163ca8c16975984e8ca5b553e5653154813a4
2017-01-16 12:01:53,1f3e4ca972897bba1fdb47fedb8fd2b710f4d101de5a265e2c142a3f3f79acaa
2017-01-16 17:48:07,da7f21c5a078f82b15abc62f4f0bbb024e6fb4e3dc305b27d8cfa86069c5da35
2017-01-17 00:48:20,3539e651865e9cdd371f4a7432b36606b6720fe09443c0eb579de8f368db0aed
2017-01-17 12:22:42,ab43b2d0cdd8ac2b1a2020eab133c4a658a7404c41c2965e764f875b7eea8e58
2017-01-17 16:58:34,da7f21c5a078f82b15abc62f4f0bbb024e6fb4e3dc305b27d8cfa86069c5da35
2017-01-18 01:04:24,3539e651865e9cdd371f4a7432b36606b6720fe09443c0eb579de8f368db0aed
2017-01-18 05:50:31,4053ecf3720eb798045e090d247163ca8c16975984e8ca5b553e5653154813a4
2017-01-18 07:07:08,f8c526198752115583ef2839ad2305815aa665b03620353f8a6687a816c0fe1b
2017-01-18 10:30:46,4053ecf3720eb798045e090d247163ca8c16975984e8ca5b553e5653154813a4
2017-01-18 13:19:29,f8c526198752115583ef2839ad2305815aa665b03620353f8a6687a816c0fe1b
2017-01-18 17:54:06,da7f21c5a078f82b15abc62f4f0bbb024e6fb4e3dc305b27d8cfa86069c5da35
2017-01-19 01:01:33,0449a61fe24f483afb264263de56df06b11b991268b2b15a69446d49f252df67
2017-01-19 02:44:33,8e0f023b8f94264c7900395406d6e4b41b97ff3a9662ee82900012af3b51932a
2017-01-19 02:44:47,0449a61fe24f483afb264263de56df06b11b991268b2b15a69446d49f252df67
2017-01-19 06:06:20,07cc00332c231720baa4876e156fb50b6e290d5b8b20d722a625eeaa8913da75
2017-01-19 15:58:44,67d51998776df6c4765ebe103d5e4ab8c62f2ae1c1377da0862caacd6411b825
2017-01-19 18:10:49,22745ee2941e905f609467eaa08defb3abb1d3b647628cc140d528669d330671
2017-01-19 23:37:20,094c68186f33332bfeb662f33d65a41a60720296fba85eb006294319a0d35226
2017-01-20 06:04:45,07cc00332c231720baa4876e156fb50b6e290d5b8b20d722a625eeaa8913da75
2017-01-20 15:53:36,67d51998776df6c4765ebe103d5e4ab8c62f2ae1c1377da0862caacd6411b825
2017-01-20 17:51:54,22745ee2941e905f609467eaa08defb3abb1d3b647628cc140d528669d330671
2017-01-21 00:18:32,094c68186f33332bfeb662f33d65a41a60720296fba85eb006294319a0d35226
2017-01-21 06:15:49,07cc00332c231720baa4876e156fb50b6e290d5b8b20d722a625eeaa8913da75
2017-01-21 15:52:56,67d51998776df6c4765ebe103d5e4ab8c62f2ae1c1377da0862caacd6411b825
2017-01-21 17:50:44,f2d24adac539c275c0f3255a696cdd0ff4df8d1a19001e055cd375ec577e7cc1
2017-01-21 18:54:42,22745ee2941e905f609467eaa08defb3abb1d3b647628cc140d528669d330671
2017-01-22 00:07:41,094c68186f33332bfeb662f33d65a41a60720296fba85eb006294319a0d35226
2017-01-22 06:04:05,07cc00332c231720baa4876e156fb50b6e290d5b8b20d722a625eeaa8913da75
2017-01-22 15:59:23,67d51998776df6c4765ebe103d5e4ab8c62f2ae1c1377da0862caacd6411b825
2017-01-22 18:01:37,22745ee2941e905f609467eaa08defb3abb1d3b647628cc140d528669d330671
2017-01-23 00:28:53,094c68186f33332bfeb662f33d65a41a60720296fba85eb006294319a0d35226
2017-01-23 05:59:29,43338d73d19ecfb6cd35082f94a38e31a8933afb212e87e98c5e28707d0268c2
2017-01-23 08:09:06,ab6145729505de653470b60d62b7d2ae768c0b8980db1f88ddcaffc06c228ba0
2017-01-24 14:12:59,c84d65dd9ab2c4e27893965e3195000e03cac6105f914397b19216fd5b7564dc
2017-01-24 14:41:59,ab6145729505de653470b60d62b7d2ae768c0b8980db1f88ddcaffc06c228ba0
2017-01-24 14:51:03,c84d65dd9ab2c4e27893965e3195000e03cac6105f914397b19216fd5b7564dc
2017-01-24 15:52:35,e63a136d6db97413ccc5f6fee5eeabe37e65548758e9c73d123676fcf63b8542
2017-01-24 18:04:26,61701426209e872e01b4cb54567f4e928d96e23f397cd53561a50b6a660ba489
2017-01-25 03:41:53,0294b4d797486b0e215268054c59a1fc6804e2d06b0109bf87a1f97e542bb68e
2017-01-25 06:03:36,22b3629edb6a6aff26f35dd8714c2d81c8bb2595a3d9d9dab19d1d6d9b119c07
2017-01-25 15:43:32,67d51998776df6c4765ebe103d5e4ab8c62f2ae1c1377da0862caacd6411b825
2017-01-25 18:10:11,1349d58b7b5f930ed2fe9b9443619380a999a35982320c81e059b2092e936508
2017-01-26 00:15:30,0294b4d797486b0e215268054c59a1fc6804e2d06b0109bf87a1f97e542bb68e
2017-01-26 09:04:10,f26411941adcd369bd4b37c3e51bd6bd8970ef0fc84d536a91d1d8dba0bbd8e1
2017-01-26 11:36:42,28c6d348982dffa94681f85c96cececb16c46f07fae8700ab360cfd2c41e788a
2017-01-26 14:53:58,1120a880faab125dfd7bf14fab7e51c02c8eec88daebbcdcd8c82db020ccebc4
2017-01-26 21:31:02,f8ba486de2278b29a1baaa9185ef60339de10039e45a2dc0851e47f4bd71452b
2017-01-26 22:26:17,2020416fda83bc1ecf8f357d95954159bb4deccfaf36904ab8eda07c82b323b5
2017-01-27 05:04:09,cb9059871b5b9e83ff7fbe2fdaa9e2f8f11bfd6d3d0fdcac21cbfa0d096bd800
2017-01-27 06:01:10,0449a61fe24f483afb264263de56df06b11b991268b2b15a69446d49f252df67
2017-01-27 12:59:48,82eb5679dc8d1f72345417059cb8eb2f6a8e52c8a13a42daaffe581c8d80eebb
2017-01-27 18:13:09,f8c526198752115583ef2839ad2305815aa665b03620353f8a6687a816c0fe1b
2017-01-27 23:59:52,cb9059871b5b9e83ff7fbe2fdaa9e2f8f11bfd6d3d0fdcac21cbfa0d096bd800
2017-01-28 04:46:44,689d22e4eb0dcd85572761591f9d380117c3e382212f7000bf3f1375131b61d2
2017-01-28 04:47:43,cb9059871b5b9e83ff7fbe2fdaa9e2f8f11bfd6d3d0fdcac21cbfa0d096bd800
2017-01-28 05:01:53,689d22e4eb0dcd85572761591f9d380117c3e382212f7000bf3f1375131b61d2
2017-01-28 05:55:36,0449a61fe24f483afb264263de56df06b11b991268b2b15a69446d49f252df67
2017-01-28 13:04:17,82eb5679dc8d1f72345417059cb8eb2f6a8e52c8a13a42daaffe581c8d80eebb
2017-01-28 17:55:13,f8c526198752115583ef2839ad2305815aa665b03620353f8a6687a816c0fe1b
2017-01-29 00:00:16,cb9059871b5b9e83ff7fbe2fdaa9e2f8f11bfd6d3d0fdcac21cbfa0d096bd800
2017-01-29 04:11:09,8e0f023b8f94264c7900395406d6e4b41b97ff3a9662ee82900012af3b51932a
2017-01-29 04:11:27,cb9059871b5b9e83ff7fbe2fdaa9e2f8f11bfd6d3d0fdcac21cbfa0d096bd800
2017-01-29 05:53:11,0449a61fe24f483afb264263de56df06b11b991268b2b15a69446d49f252df67
2017-01-29 13:18:03,82eb5679dc8d1f72345417059cb8eb2f6a8e52c8a13a42daaffe581c8d80eebb
2017-01-29 17:45:05,f8c526198752115583ef2839ad2305815aa665b03620353f8a6687a816c0fe1b
2017-01-29 23:54:49,8e0f023b8f94264c7900395406d6e4b41b97ff3a9662ee82900012af3b51932a
2017-01-29 23:56:14,f8c526198752115583ef2839ad2305815aa665b03620353f8a6687a816c0fe1b
2017-01-30 00:08:53,cb9059871b5b9e83ff7fbe2fdaa9e2f8f11bfd6d3d0fdcac21cbfa0d096bd800
2017-01-30 06:06:50,0449a61fe24f483afb264263de56df06b11b991268b2b15a69446d49f252df67
2017-01-30 13:11:05,da7f21c5a078f82b15abc62f4f0bbb024e6fb4e3dc305b27d8cfa86069c5da35
2017-01-30 17:54:03,f8c526198752115583ef2839ad2305815aa665b03620353f8a6687a816c0fe1b
2017-01-31 00:10:05,689d22e4eb0dcd85572761591f9d380117c3e382212f7000bf3f1375131b61d2
2017-01-31 06:00:43,0449a61fe24f483afb264263de56df06b11b991268b2b15a69446d49f252df67
2017-01-31 13:02:13,da7f21c5a078f82b15abc62f4f0bbb024e6fb4e3dc305b27d8cfa86069c5da35
2017-01-31 18:02:49,f8c526198752115583ef2839ad2305815aa665b03620353f8a6687a816c0fe1b
2017-02-01 00:09:31,689d22e4eb0dcd85572761591f9d380117c3e382212f7000bf3f1375131b61d2
2017-02-01 06:03:17,0449a61fe24f483afb264263de56df06b11b991268b2b15a69446d49f252df67
2017-02-01 13:02:19,da7f21c5a078f82b15abc62f4f0bbb024e6fb4e3dc305b27d8cfa86069c5da35
2017-02-01 17:42:24,f8c526198752115583ef2839ad2305815aa665b03620353f8a6687a816c0fe1b
2017-02-02 10:00:52,094c68186f33332bfeb662f33d65a41a60720296fba85eb006294319a0d35226
2017-02-02 13:04:33,f2d24adac539c275c0f3255a696cdd0ff4df8d1a19001e055cd375ec577e7cc1
2017-02-02 18:08:52,67d51998776df6c4765ebe103d5e4ab8c62f2ae1c1377da0862caacd6411b825
2017-02-02 22:43:51,07cc00332c231720baa4876e156fb50b6e290d5b8b20d722a625eeaa8913da75
2017-02-02 23:51:06,67d51998776df6c4765ebe103d5e4ab8c62f2ae1c1377da0862caacd6411b825
2017-02-03 04:00:42,5317550a53952273b1d7d37694877e514c49abf089871d5945f8674b966bcd80
2017-02-03 06:06:22,094c68186f33332bfeb662f33d65a41a60720296fba85eb006294319a0d35226
2017-02-03 12:05:28,22745ee2941e905f609467eaa08defb3abb1d3b647628cc140d528669d330671
2017-02-03 18:07:19,67d51998776df6c4765ebe103d5e4ab8c62f2ae1c1377da0862caacd6411b825
2017-02-04 04:07:15,5317550a53952273b1d7d37694877e514c49abf089871d5945f8674b966bcd80
2017-02-04 05:51:08,094c68186f33332bfeb662f33d65a41a60720296fba85eb006294319a0d35226
2017-02-04 12:12:12,22745ee2941e905f609467eaa08defb3abb1d3b647628cc140d528669d330671
2017-02-04 18:16:35,67d51998776df6c4765ebe103d5e4ab8c62f2ae1c1377da0862caacd6411b825
2017-02-04 22:59:38,c84d65dd9ab2c4e27893965e3195000e03cac6105f914397b19216fd5b7564dc
2017-02-05 00:10:29,67d51998776df6c4765ebe103d5e4ab8c62f2ae1c1377da0862caacd6411b825
2017-02-05 02:02:08,5317550a53952273b1d7d37694877e514c49abf089871d5945f8674b966bcd80
2017-02-05 05:46:53,094c68186f33332bfeb662f33d65a41a60720296fba85eb006294319a0d35226
2017-02-05 12:12:37,22745ee2941e905f609467eaa08defb3abb1d3b647628cc140d528669d330671
2017-02-05 14:37:46,939460e177e09ab19919599a4d77f245063d6fe06382ee15a57a69f39786e273
2017-02-06 04:04:58,5317550a53952273b1d7d37694877e514c49abf089871d5945f8674b966bcd80
2017-02-06 05:49:37,094c68186f33332bfeb662f33d65a41a60720296fba85eb006294319a0d35226
2017-02-06 11:15:25,f2d24adac539c275c0f3255a696cdd0ff4df8d1a19001e055cd375ec577e7cc1
2017-02-06 18:10:38,67d51998776df6c4765ebe103d5e4ab8c62f2ae1c1377da0862caacd6411b825
2017-02-06 22:51:42,07cc00332c231720baa4876e156fb50b6e290d5b8b20d722a625eeaa8913da75
2017-02-07 00:12:37,67d51998776df6c4765ebe103d5e4ab8c62f2ae1c1377da0862caacd6411b825
2017-02-07 03:50:18,5317550a53952273b1d7d37694877e514c49abf089871d5945f8674b966bcd80
2017-02-07 06:09:39,094c68186f33332bfeb662f33d65a41a60720296fba85eb006294319a0d35226
2017-02-07 11:15:30,8e0f023b8f94264c7900395406d6e4b41b97ff3a9662ee82900012af3b51932a
2017-02-07 11:23:37,094c68186f33332bfeb662f33d65a41a60720296fba85eb006294319a0d35226
2017-02-07 15:15:42,0294b4d797486b0e215268054c59a1fc6804e2d06b0109bf87a1f97e542bb68e
2017-02-07 15:55:57,1349d58b7b5f930ed2fe9b9443619380a999a35982320c81e059b2092e936508
2017-02-07 18:00:52,67d51998776df6c4765ebe103d5e4ab8c62f2ae1c1377da0862caacd6411b825
2017-02-07 22:47:58,c84d65dd9ab2c4e27893965e3195000e03cac6105f914397b19216fd5b7564dc
2017-02-08 00:07:08,67d51998776df6c4765ebe103d5e4ab8c62f2ae1c1377da0862caacd6411b825
2017-02-08 03:47:07,5317550a53952273b1d7d37694877e514c49abf089871d5945f8674b966bcd80
2017-02-09 02:34:12,c84d65dd9ab2c4e27893965e3195000e03cac6105f914397b19216fd5b7564dc
2017-02-09 06:19:58,689d22e4eb0dcd85572761591f9d380117c3e382212f7000bf3f1375131b61d2
2017-02-09 12:23:10,f8c526198752115583ef2839ad2305815aa665b03620353f8a6687a816c0fe1b
2017-02-09 18:08:53,da7f21c5a078f82b15abc62f4f0bbb024e6fb4e3dc305b27d8cfa86069c5da35
2017-02-10 01:17:09,6a9e51f405e6c6888973e1a115fc339c93116a53088001b5bb190900d3386ce6
2017-02-10 06:11:31,689d22e4eb0dcd85572761591f9d380117c3e382212f7000bf3f1375131b61d2
2017-02-10 12:22:01,f8c526198752115583ef2839ad2305815aa665b03620353f8a6687a816c0fe1b
2017-02-10 18:01:35,171e019c157590de25aa239720670b94de9f6751412d8de7d3e4715f8b5dd293
2017-02-11 01:07:58,6a9e51f405e6c6888973e1a115fc339c93116a53088001b5bb190900d3386ce6
2017-02-11 05:33:15,689d22e4eb0dcd85572761591f9d380117c3e382212f7000bf3f1375131b61d2
2017-02-11 12:02:41,f8c526198752115583ef2839ad2305815aa665b03620353f8a6687a816c0fe1b
2017-02-11 17:52:24,f6db3eff746484ceaf75b6bbb70ee8aa0663501294a3c74a0a5de5924f278c40
2017-02-11 23:32:18,8e0f023b8f94264c7900395406d6e4b41b97ff3a9662ee82900012af3b51932a
2017-02-11 23:39:24,f6db3eff746484ceaf75b6bbb70ee8aa0663501294a3c74a0a5de5924f278c40
2017-02-12 06:03:22,689d22e4eb0dcd85572761591f9d380117c3e382212f7000bf3f1375131b61d2
2017-02-12 13:11:27,f8c526198752115583ef2839ad2305815aa665b03620353f8a6687a816c0fe1b
2017-02-12 17:10:24,da7f21c5a078f82b15abc62f4f0bbb024e6fb4e3dc305b27d8cfa86069c5da35
2017-02-13 01:11:11,6a9e51f405e6c6888973e1a115fc339c93116a53088001b5bb190900d3386ce6
2017-02-13 01:12:12,da7f21c5a078f82b15abc62f4f0bbb024e6fb4e3dc305b27d8cfa86069c5da35
2017-02-13 01:26:47,6a9e51f405e6c6888973e1a115fc339c93116a53088001b5bb190900d3386ce6
2017-02-13 05:50:52,689d22e4eb0dcd85572761591f9d380117c3e382212f7000bf3f1375131b61d2
2017-02-13 12:04:08,f8c526198752115583ef2839ad2305815aa665b03620353f8a6687a816c0fe1b
2017-02-13 18:11:28,da7f21c5a078f82b15abc62f4f0bbb024e6fb4e3dc305b27d8cfa86069c5da35
2017-02-14 01:16:01,6a9e51f405e6c6888973e1a115fc339c93116a53088001b5bb190900d3386ce6
2017-02-14 05:51:57,689d22e4eb0dcd85572761591f9d380117c3e382212f7000bf3f1375131b61d2
2017-02-14 12:11:00,f8c526198752115583ef2839ad2305815aa665b03620353f8a6687a816c0fe1b
2017-02-14 17:52:04,da7f21c5a078f82b15abc62f4f0bbb024e6fb4e3dc305b27d8cfa86069c5da35
2017-02-15 01:11:13,9c0ba59a97129148158c7015dac3c5cc72366f0ebd92f067f0b56548884db3bc
2017-02-15 05:59:22,689d22e4eb0dcd85572761591f9d380117c3e382212f7000bf3f1375131b61d2
2017-02-15 12:03:09,f8c526198752115583ef2839ad2305815aa665b03620353f8a6687a816c0fe1b
2017-02-15 17:49:01,da7f21c5a078f82b15abc62f4f0bbb024e6fb4e3dc305b27d8cfa86069c5da35
2017-02-16 01:16:50,9c0ba59a97129148158c7015dac3c5cc72366f0ebd92f067f0b56548884db3bc
2017-02-16 06:22:09,5317550a53952273b1d7d37694877e514c49abf089871d5945f8674b966bcd80
2017-02-16 15:56:51,67d51998776df6c4765ebe103d5e4ab8c62f2ae1c1377da0862caacd6411b825
2017-02-16 18:20:11,094c68186f33332bfeb662f33d65a41a60720296fba85eb006294319a0d35226
2017-02-17 00:31:34,dabcee3687e2046b644edd6a4f6ce0199d09efff72eb491c7ef75494be870ad0
2017-02-17 06:16:46,5317550a53952273b1d7d37694877e514c49abf089871d5945f8674b966bcd80
2017-02-17 15:58:51,67d51998776df6c4765ebe103d5e4ab8c62f2ae1c1377da0862caacd6411b825
2017-02-17 18:17:56,094c68186f33332bfeb662f33d65a41a60720296fba85eb006294319a0d35226
2017-02-18 00:31:29,dabcee3687e2046b644edd6a4f6ce0199d09efff72eb491c7ef75494be870ad0
2017-02-18 06:18:50,5317550a53952273b1d7d37694877e514c49abf089871d5945f8674b966bcd80
2017-02-18 15:54:25,67d51998776df6c4765ebe103d5e4ab8c62f2ae1c1377da0862caacd6411b825
2017-02-18 18:04:50,094c68186f33332bfeb662f33d65a41a60720296fba85eb006294319a0d35226
2017-02-19 00:18:49,dabcee3687e2046b644edd6a4f6ce0199d09efff72eb491c7ef75494be870ad0
2017-02-20 00:00:52,50a20aaad5e10651b76ccf4dbd3df51802aad561e0dff6f1dbcfad958e1921d6
2017-02-20 02:16:43,4fe36ba9cfcf14292593e0000d575f376bc7c37eb803c44a1669617ac6f5ee5f
2017-02-20 04:07:08,50a20aaad5e10651b76ccf4dbd3df51802aad561e0dff6f1dbcfad958e1921d6
2017-02-20 06:13:25,5317550a53952273b1d7d37694877e514c49abf089871d5945f8674b966bcd80
2017-02-20 16:40:08,67d51998776df6c4765ebe103d5e4ab8c62f2ae1c1377da0862caacd6411b825
2017-02-20 18:06:22,4fe36ba9cfcf14292593e0000d575f376bc7c37eb803c44a1669617ac6f5ee5f
2017-02-20 23:47:12,50a20aaad5e10651b76ccf4dbd3df51802aad561e0dff6f1dbcfad958e1921d6
2017-02-21 13:12:48,5317550a53952273b1d7d37694877e514c49abf089871d5945f8674b966bcd80
2017-02-23 11:05:00,82eb5679dc8d1f72345417059cb8eb2f6a8e52c8a13a42daaffe581c8d80eebb
2017-02-23 21:16:32,f8c526198752115583ef2839ad2305815aa665b03620353f8a6687a816c0fe1b
2017-02-24 00:24:32,689d22e4eb0dcd85572761591f9d380117c3e382212f7000bf3f1375131b61d2
2017-02-24 08:14:42,82eb5679dc8d1f72345417059cb8eb2f6a8e52c8a13a42daaffe581c8d80eebb
2017-02-24 13:27:00,6a9e51f405e6c6888973e1a115fc339c93116a53088001b5bb190900d3386ce6
2017-02-24 14:17:57,82eb5679dc8d1f72345417059cb8eb2f6a8e52c8a13a42daaffe581c8d80eebb
2017-02-24 17:11:39,f8c526198752115583ef2839ad2305815aa665b03620353f8a6687a816c0fe1b
2017-02-25 00:13:57,689d22e4eb0dcd85572761591f9d380117c3e382212f7000bf3f1375131b61d2
2017-02-25 09:25:20,f6db3eff746484ceaf75b6bbb70ee8aa0663501294a3c74a0a5de5924f278c40
2017-02-25 13:06:45,da7f21c5a078f82b15abc62f4f0bbb024e6fb4e3dc305b27d8cfa86069c5da35
2017-02-26 04:04:41,689d22e4eb0dcd85572761591f9d380117c3e382212f7000bf3f1375131b61d2
2017-02-26 05:57:51,f6db3eff746484ceaf75b6bbb70ee8aa0663501294a3c74a0a5de5924f278c40
2017-02-26 11:33:52,8e0f023b8f94264c7900395406d6e4b41b97ff3a9662ee82900012af3b51932a
2017-02-26 11:34:52,f6db3eff746484ceaf75b6bbb70ee8aa0663501294a3c74a0a5de5924f278c40
2017-02-26 13:05:03,da7f21c5a078f82b15abc62f4f0bbb024e6fb4e3dc305b27d8cfa86069c5da35
2017-02-26 18:01:48,f8c526198752115583ef2839ad2305815aa665b03620353f8a6687a816c0fe1b
2017-02-27 00:17:58,689d22e4eb0dcd85572761591f9d380117c3e382212f7000bf3f1375131b61d2
2017-02-27 09:37:53,f6db3eff746484ceaf75b6bbb70ee8aa0663501294a3c74a0a5de5924f278c40
2017-02-27 13:02:37,da7f21c5a078f82b15abc62f4f0bbb024e6fb4e3dc305b27d8cfa86069c5da35
2017-02-27 17:55:37,f8c526198752115583ef2839ad2305815aa665b03620353f8a6687a816c0fe1b
2017-02-28 00:19:25,689d22e4eb0dcd85572761591f9d380117c3e382212f7000bf3f1375131b61d2
2017-02-28 05:59:06,c7d374c17460b75fa5fdc0c414f4e6f1f0414c03a11f73db270405e3183d0983
2017-02-28 08:12:06,da7f21c5a078f82b15abc62f4f0bbb024e6fb4e3dc305b27d8cfa86069c5da35
2017-02-28 13:40:30,c7d374c17460b75fa5fdc0c414f4e6f1f0414c03a11f73db270405e3183d0983
2017-02-28 14:34:49,da7f21c5a078f82b15abc62f4f0bbb024e6fb4e3dc305b27d8cfa86069c5da35
2017-02-28 18:07:37,f8c526198752115583ef2839ad2305815aa665b03620353f8a6687a816c0fe1b
2017-03-01 02:21:54,689d22e4eb0dcd85572761591f9d380117c3e382212f7000bf3f1375131b61d2
2017-03-01 06:09:27,f6db3eff746484ceaf75b6bbb70ee8aa0663501294a3c74a0a5de5924f278c40
2017-03-01 12:50:36,da7f21c5a078f82b15abc62f4f0bbb024e6fb4e3dc305b27d8cfa86069c5da35
2017-03-01 17:55:18,f8c526198752115583ef2839ad2305815aa665b03620353f8a6687a816c0fe1b
2017-03-02 00:10:00,689d22e4eb0dcd85572761591f9d380117c3e382212f7000bf3f1375131b61d2
2017-03-02 06:19:30,094c68186f33332bfeb662f33d65a41a60720296fba85eb006294319a0d35226
2017-03-02 09:59:00,50a20aaad5e10651b76ccf4dbd3df51802aad561e0dff6f1dbcfad958e1921d6
2017-03-02 17:28:01,67d51998776df6c4765ebe103d5e4ab8c62f2ae1c1377da0862caacd6411b825
2017-03-02 23:01:12,6bcd703adebdf8eb6023b7bf7d5abfd0907ac30c9324599bf4ef9a7a529ced75
2017-03-03 00:28:36,67d51998776df6c4765ebe103d5e4ab8c62f2ae1c1377da0862caacd6411b825
2017-03-03 04:07:50,5317550a53952273b1d7d37694877e514c49abf089871d5945f8674b966bcd80
2017-03-03 06:11:19,094c68186f33332bfeb662f33d65a41a60720296fba85eb006294319a0d35226
2017-03-03 22:47:59,67d51998776df6c4765ebe103d5e4ab8c62f2ae1c1377da0862caacd6411b825
2017-03-04 06:21:39,094c68186f33332bfeb662f33d65a41a60720296fba85eb006294319a0d35226
2017-03-04 09:47:56,255c2996cfaf8255b2df3f403b6fcb0568755a50fda6d94f2ba39c9c2e8c27c5
2017-03-04 18:05:39,67d51998776df6c4765ebe103d5e4ab8c62f2ae1c1377da0862caacd6411b825
2017-03-04 23:10:32,07cc00332c231720baa4876e156fb50b6e290d5b8b20d722a625eeaa8913da75
2017-03-05 00:27:10,67d51998776df6c4765ebe103d5e4ab8c62f2ae1c1377da0862caacd6411b825
2017-03-05 03:57:07,07cc00332c231720baa4876e156fb50b6e290d5b8b20d722a625eeaa8913da75
2017-03-05 05:56:03,094c68186f33332bfeb662f33d65a41a60720296fba85eb006294319a0d35226
2017-03-05 15:20:08,e63a136d6db97413ccc5f6fee5eeabe37e65548758e9c73d123676fcf63b8542
2017-03-05 21:39:03,43338d73d19ecfb6cd35082f94a38e31a8933afb212e87e98c5e28707d0268c2
2017-03-06 00:41:45,5317550a53952273b1d7d37694877e514c49abf089871d5945f8674b966bcd80
2017-03-06 01:50:22,43338d73d19ecfb6cd35082f94a38e31a8933afb212e87e98c5e28707d0268c2
2017-03-06 06:11:29,3e8b9e3a63ee3ba916086a2dfcc00a3c3c9762517e0102c951c3fc8ec6c22e8e
2017-03-06 14:21:00,255c2996cfaf8255b2df3f403b6fcb0568755a50fda6d94f2ba39c9c2e8c27c5
2017-03-06 18:25:23,67d51998776df6c4765ebe103d5e4ab8c62f2ae1c1377da0862caacd6411b825
2017-03-06 23:08:55,5317550a53952273b1d7d37694877e514c49abf089871d5945f8674b966bcd80
2017-03-07 00:12:39,67d51998776df6c4765ebe103d5e4ab8c62f2ae1c1377da0862caacd6411b825
2017-03-07 03:50:23,5317550a53952273b1d7d37694877e514c49abf089871d5945f8674b966bcd80
2017-03-07 06:19:52,95593e98422b8fd5c85da4584ce6b80156f4a234b1c940897569aa66d6f00713
2017-03-07 11:28:06,255c2996cfaf8255b2df3f403b6fcb0568755a50fda6d94f2ba39c9c2e8c27c5
2017-03-07 17:33:37,67d51998776df6c4765ebe103d5e4ab8c62f2ae1c1377da0862caacd6411b825
2017-03-07 23:21:44,07cc00332c231720baa4876e156fb50b6e290d5b8b20d722a625eeaa8913da75
2017-03-08 00:36:33,67d51998776df6c4765ebe103d5e4ab8c62f2ae1c1377da0862caacd6411b825
2017-03-08 04:09:45,5317550a53952273b1d7d37694877e514c49abf089871d5945f8674b966bcd80
2017-03-08 06:25:31,3e8b9e3a63ee3ba916086a2dfcc00a3c3c9762517e0102c951c3fc8ec6c22e8e
2017-03-08 12:36:45,255c2996cfaf8255b2df3f403b6fcb0568755a50fda6d94f2ba39c9c2e8c27c5
2017-03-08 18:10:00,67d51998776df6c4765ebe103d5e4ab8c62f2ae1c1377da0862caacd6411b825
2017-03-08 23:06:11,5317550a53952273b1d7d37694877e514c49abf089871d5945f8674b966bcd80
2017-03-09 00:24:36,67d51998776df6c4765ebe103d5e4ab8c62f2ae1c1377da0862caacd6411b825
2017-03-12 16:42:28,6624ae091c447832800a164b2f07a2523a298fccafef1c0be972ff40e8755145
2017-03-12 17:46:20,da7f21c5a078f82b15abc62f4f0bbb024e6fb4e3dc305b27d8cfa86069c5da35
2017-03-13 00:44:31,9c0ba59a97129148158c7015dac3c5cc72366f0ebd92f067f0b56548884db3bc
2017-03-13 11:17:36,b85d8cd64da93b540500c0d4554ecab5024a1cab6f3a22ac412dcefba2cd0007
2017-03-13 17:57:38,da7f21c5a078f82b15abc62f4f0bbb024e6fb4e3dc305b27d8cfa86069c5da35
2017-03-14 01:12:29,9c0ba59a97129148158c7015dac3c5cc72366f0ebd92f067f0b56548884db3bc
2017-03-14 05:57:49,2020416fda83bc1ecf8f357d95954159bb4deccfaf36904ab8eda07c82b323b5
2017-03-14 12:11:37,b85d8cd64da93b540500c0d4554ecab5024a1cab6f3a22ac412dcefba2cd0007
2017-03-14 17:51:46,da7f21c5a078f82b15abc62f4f0bbb024e6fb4e3dc305b27d8cfa86069c5da35
2017-03-15 01:09:24,9c0ba59a97129148158c7015dac3c5cc72366f0ebd92f067f0b56548884db3bc
2017-03-15 06:01:03,2020416fda83bc1ecf8f357d95954159bb4deccfaf36904ab8eda07c82b323b5
2017-03-15 12:05:44,b85d8cd64da93b540500c0d4554ecab5024a1cab6f3a22ac412dcefba2cd0007
